{
  "lmsys-score": {
    "lmsys": {
      "tau": -0.6402014070785366,
      "p": 3.423543497586367e-101
    },
    "sharegpt": {
      "tau": -0.419998447581501,
      "p": 1.0506877347671239e-44
    },
    "alpaca": {
      "tau": -0.5790135123678937,
      "p": 2.9023939749915477e-83
    }
  },
  "sharegpt-score": {
    "lmsys": {
      "tau": -0.47984432779184344,
      "p": 1.1379356991513696e-57
    },
    "sharegpt": {
      "tau": -0.5156441851292175,
      "p": 1.7830028603944826e-66
    },
    "alpaca": {
      "tau": -0.5616283191765146,
      "p": 1.8748723396094223e-78
    }
  }
}