{
  "lmsys": {
    "first_tok_entropy": {
      "tau": 0.1741639495913697,
      "p": 6.24755214096978e-09
    },
    "mean_entropy": {
      "tau": 0.06517092266114986,
      "p": 0.029700751676123977
    },
    "entropy_std": {
      "tau": 0.004626380509344629,
      "p": 0.8773472117550384
    },
    "mean_nll": {
      "tau": -0.039533064005198376,
      "p": 0.18723713371899964
    }
  },
  "sharegpt": {
    "first_tok_entropy": {
      "tau": -0.02330888707590472,
      "p": 0.43621338757230665
    },
    "mean_entropy": {
      "tau": 0.08754067224584451,
      "p": 0.0034536107625494535
    },
    "entropy_std": {
      "tau": 0.06729578890806628,
      "p": 0.02458070266311583
    },
    "mean_nll": {
      "tau": 0.10898869841273,
      "p": 0.00027197467137331834
    }
  }
}